driver_id,driver_name,phone,city_of_residance
d1, Arjun Singh,9876543210, Delhi
d2, Priya Sharma,8765432109, Mumbai
d3, Rahul Gupta,7654321098, Bangalore
d4, Aarti Patel,6543210987, Kolkata
d5, Manish Verma,5432109876, Chennai
d6, Pooja Reddy,4321098765, Hyderabad
d7, Anil Kumar,3210987654, Pune
d8, Ritu Yadav,2109876543, Ahmedabad
d9, Suresh Mehta,1098765432, Jaipur
d10, Deepa Singh,9876543210, Lucknow
d11, Rohan Sharma,8765432109, Chandigarh
d12, Kavita Gupta,7654321098, Nagpur
d13, Rajesh Kumar,6543210987, Indore
d14, Nisha Verma,5432109876, Surat
d15, Vikram Singh,4321098765, Visakhapatnam
d16, Anita Yadav,3210987654, Vadodara
d17, Ajay Mehta,2109876543, Jaipur
d18, Neha Reddy,1098765432, Ludhiana
d19, Karan Kapoor,9876543210, Agra
d20, Ritu Chauhan,8765432109, Varanasi
d21, Ankit Sharma,7654321098, Thane
d22, Jyoti Mishra,6543210987, Meerut
d23, Mohan Singh,5432109876, Rajkot
d24, Preeti Patel,4321098765, Allahabad
d25, Sunil Verma,3210987654, Ranchi
d26, Aarti Singh,2109876543, Coimbatore
d27, Deepak Kumar,1098765432, Jabalpur
d28, Anjali Das,9876543210, Jamshedpur
d29, Vikas Tiwari,8765432109, Aurangabad
d30, Priya Sharma,7654321098, Amritsar
d31, Ajay Singh,6543210987, Dhanbad
d32, Ravi Gupta,5432109876, Howrah
d33, Divya Yadav,4321098765, Gwalior
d34, Shalini Singh,3210987654, Jodhpur
d35, Naveen Kumar,2109876543, Guwahati
d36, Rani Singh,1098765432, Chandrapur
d37, Prakash Mehta,9876543210, Kota
d38, Nisha Mishra,8765432109, Raipur
d39, Vikas Verma,7654321098, Salem
d40, Anushka Reddy,6543210987, Solapur
d41, Arjun Mehta,5432109876, Udaipur
d42, Ritu Kapoor,4321098765, Tiruchirappalli
d43, Karan Sharma,3210987654, Aligarh
d44, Priya Das,2109876543, Bareilly
d45, Mohit Patel,1098765432, Moradabad
d46, Sangeeta Singh,9876543210, Mysore
d47, Rakesh Gupta,8765432109, Guwahati
d48, Tanvi Verma,7654321098, Shimla
d49, Vivek Yadav,6543210987, Bhopal
d50, Priya Sharma,5432109876, Jaipur
d51, Rohan Kumar,4321098765, Pune
d52, Kavita Singh,3210987654, Ahmedabad
d53, Rajesh Mehta,2109876543, Lucknow
d54, Nisha Singh,1098765432, Chandigarh
d55, Akash Patel,9876543210, Bangalore
d56, Pooja Verma,8765432109, Kolkata
d57, Anil Reddy,7654321098, Chennai
d58, Ritu Yadav,6543210987, Hyderabad
d59, Suresh Kumar,5432109876, Pune
d60, Deepa Sharma,4321098765, Ahmedabad
d61, Priya Singh,3210987654, Jaipur
d62, Rohit Mehta,2109876543, Lucknow
d63, Kritika Das,1098765432, Chandigarh
d64, Naveen Kumar,9876543210, Delhi
d65, Priyanka Sharma,8765432109, Mumbai
d66, Rahul Gupta,7654321098, Bangalore
d67, Aarti Patel,6543210987, Kolkata
d68, Manish Verma,5432109876, Chennai
d69, Nisha Verma,4321098765, Kolkata
d70, Priya Sharma,3210987654, Jaipur
,,,
