driver_id,route_id,remark,date,time,accommodation
d9,R001,Main Driver,2023-11-13,6:00:00,Yes
d7,R002,Co-Driver,2023-11-17,6:00:00,Yes
d15,R003,Main Driver,2023-11-12,12:00:00,No
d11,R007,Main Driver,2023-11-12,9:00:00,Yes
d3,R008,Co-Driver,2023-11-15,10:00:00,No
d44,R010,Main Driver,2023-11-13,15:00:00,No
d2,R005,Main Driver,2023-10-10,15:00:00,Yes
d1,R006,Co-Driver,2023-10-10,13:00:00,No
d4,R001,Main Driver,2023-10-10,6:00:00,Yes
d5,R002,Co-Driver,2023-10-10,6:00:00,Yes
d6,R009,Main Driver,2023-10-10,10:00:00,No
d3,R010,Main Driver,2023-10-10,15:00:00,No
d3,R020,Co-Driver,2023-10-10,21:30:00,Yes
d6,R019,Co-Driver,2023-10-10,15:00:00,Yes
d40,R005,Co-Driver,2023-10-31,15:00:00,No
d7,R006,Main Driver,2023-10-31,13:00:00,Yes
d8,R001,Co-Driver,2023-10-31,6:00:00,Yes
d1,R002,Co-Driver,2023-10-31,6:00:00,Yes
d13,R009,Main Driver,2023-10-31,10:00:00,No
d77,R010,Main Driver,2023-10-31,15:00:00,No
d25,R005,Main Driver,2023-11-14,15:00:00,Yes
d23,R006,Co-Driver,2023-11-14,13:00:00,No
d98,R001,Main Driver,2023-11-14,6:00:00,No
d7,R002,Co-Driver,2023-11-14,6:00:00,Yes
d10,R009,Main Driver,2023-11-14,10:00:00,Yes
d44,R010,Main Driver,2023-11-14,15:00:00,No

