passenger_id,name,age,age_group,contact_number
P1,John Doe,35,Adult,9.12346E+11
P2,Jane Smith,65,Senior,9.82367E+11
P3,Emily Johnson,10,Child,7.54124E+11
P4,Michael Brown,25,Adult,8.27654E+11
P5,Sarah Wilson,42,Adult,9.81235E+11
P6,David Thompson,70,Senior,7.75892E+11
P7,Olivia Garcia,5,Child,8.30942E+11
P8,Ethan Davis,30,Adult,8.97012E+11
P9,Sophia Martinez,20,Adult,6.78901E+11
P10,Liam Hernandez,12,Child,8.65439E+11
P11,Ava Nguyen,50,Adult,9.01928E+11
P12,Benjamin Lee,28,Adult,6.57484E+11
P13,Mia Kim,8,Child,9.08724E+11
P14,Logan Patel,45,Adult,9.35678E+11
P15,Harper Gonzalez,15,Child,7.82357E+11
P16,William Murphy,60,Senior,8.24509E+11
P17,Amelia Wright,22,Adult,6.98313E+11
P18,Elijah King,17,Child,7.65431E+11
P19,Evelyn Scott,40,Adult,9.23875E+11
P20,Chloe Green,7,Child,6.75094E+11
P21,Daniel Adams,32,Adult,8.91235E+11
P22,Madison Baker,27,Adult,9.34288E+11
P23,Aiden Hill,9,Child,6.59813E+11
P24,Scarlett Ross,28,Adult,7.83457E+11
P25,Grayson Wood,13,Child,9.01235E+11
P26,Riley Ward,38,Adult,8.42794E+11
P27,Layla Wright,6,Child,6.57484E+11
P28,Oliver Lopez,55,Senior,9.07856E+11
P29,Lily Mitchell,19,Adult,7.81204E+11
P30,Mason Perez,23,Adult,9.20147E+11
P31,Zoey Cooper,11,Child,8.56329E+11
P32,Carter Torres,29,Adult,9.34057E+11
P33,Mila Flores,16,Child,6.74322E+11
P34,Jayden Morris,26,Adult,8.91235E+11
P35,Aubrey Rivera,14,Child,7.12349E+11
P36,Hannah Reed,37,Adult,8.09123E+11
P37,Wyatt Coleman,18,Child,9.35678E+11
P38,Stella Ward,31,Adult,8.56733E+11
P39,Lincoln Hughes,24,Adult,9.02385E+11
P40,Paisley Bell,4,Child,6.45381E+11
P41,Nova Wood,47,Adult,8.71209E+11
P42,Leo Gray,33,Adult,9.23848E+11
P43,Elena Collins,21,Adult,6.90213E+11
P44,Sawyer Price,50,Adult,7.32561E+11
P45,Aurora Powell,2,Child,8.12739E+11
P46,Eliana Bryant,39,Adult,9.76128E+11
P47,Lincoln Ward,8,Child,6.03583E+11
P48,Piper Barnes,36,Adult,7.59283E+11
P49,Xavier Cruz,43,Adult,8.24509E+11
P50,Bella Peterson,9,Child,9.12346E+11
P51,Isaiah Foster,31,Adult,9.82367E+11
P52,Nora Simmons,62,Senior,7.54124E+11
P53,Eliana Hughes,71,Senior,8.27654E+11
P54,Connor Barnes,27,Adult,9.81235E+11
P55,Maya Taylor,44,Adult,7.75892E+11
P56,Levi Stewart,71,Senior,8.30942E+11
P57,Grace Carter,71,Senior,8.97012E+11
P58,Evan Kelly,35,Adult,6.78901E+11
P59,Hailey Coleman,21,Adult,8.65439E+11
P60,Noah Richardson,71,Senior,9.01928E+11
P61,Luna Flores,52,Senior,6.57484E+11
P62,Julian Martinez,30,Adult,9.08724E+11
P63,Aria Thompson,71,Senior,9.35678E+11
P64,Asher Price,48,Adult,7.82357E+11
P65,Audrey Peterson,71,Senior,8.24509E+11
P66,Ezekiel Hill,63,Senior,6.98313E+11
P67,Avery Wright,25,Adult,7.65431E+11
P68,Sophie King,16,Senior,9.23875E+11
P69,Nathan Scott,42,Adult,6.75094E+11
P70,Scarlett Green,71,Senior,8.91235E+11
P71,Alexander Adams,34,Adult,9.34288E+11
P72,Clara Baker,29,Adult,6.59813E+11
P73,Elliot Torres,71,Senior,7.83457E+11
P74,Leah Ross,29,Adult,9.01235E+11
P75,Caleb Wood,71,Senior,8.42794E+11
P76,Maya Ward,40,Adult,6.57484E+11
P77,Nova Wright,71,Senior,9.07856E+11
P78,Owen Lopez,80,Senior,7.81204E+11
P79,Zoe Mitchell,23,Adult,9.20147E+11
P80,Mila Perez,28,Adult,8.56329E+11
P81,Lucas Cooper,71,Senior,9.34057E+11
P82,Isabella Torres,30,Adult,6.74322E+11
P83,David Flores,71,Senior,8.91235E+11
P84,Emma Morris,27,Adult,7.12349E+11
P85,Liam Rivera,71,Senior,8.09123E+11
P86,Avery Reed,35,Adult,9.35678E+11
P87,Ellie Coleman,19,Senior,8.56733E+11
P88,James Ward,32,Adult,9.02385E+11
P89,Layla Hughes,25,Adult,6.45381E+11
P90,Jacob Bell,71,Senior,8.71209E+11
P91,Luna Wood,50,Adult,9.23848E+11
P92,Evan Gray,36,Adult,6.90213E+11
P93,Nova Collins,24,Adult,7.32561E+11
P94,Matthew Price,50,Adult,8.12739E+11
P95,Grace Powell,71,Senior,9.76128E+11
P96,Leo Bryant,41,Adult,6.03583E+11
P97,Harper Ward,71,Senior,7.59283E+11
P98,Mia Barnes,38,Adult,8.24509E+11
P99,Ethan Cruz,45,Adult,7.59283E+11
P100,Ava Peterson,71,Senior,8.24509E+11
