route_id,route_name,distance,time_taken,operating_days,start_location,end_location
R001,Mumbai Central- Gandhinagar,548,5 hours 40 minutes ,6 days a week except Sundays, Mumbai Central, Gandhinagar 
R002,New Delhi - Himachal ,412,6 hours 10 minutes,6 days a week except Thursdays,NewDelhi, Himachal 
R003,Secunderabad - Visakhapatnam,500,8 hrs 30 minutes,once a week (every Sunday), Secunderabad, Visakhapatnam 
R004,Mumbai -SainagarShirdi,248, 5 hours 20 minutes,6 days in a week but not on Tuesdays, Mumbai,SainagarShirdi
R005,Mumbai - Solapur,400,6 hours and 35 minutes,6 days in a week but not on Wednesdays, Mumbai, Solapur 
R006,Bhopal-Delhi,700,7 hours and 45 minutes,6 days in a week but not on Saturdays, Bhopal,Delhi
R007,Lonavala - Ajmer,1062,10 hours 45 minutes,once a week (every Saturday),Lonavla,Ajmer
R008,Dharwad - Bengaluru,432, 5 hours,"Monday,Wednesday and Saturday", Dharwad, Bengaluru 
R009,Bhopal - Indore,246,3 hours,Every day, Bhopal, Indore 
R010,Mumbai - Goa,588, 6 hours,Every day, Mumbai,Goa
R011,Gandhinagar - Mumbai Central ,548,5 hours 40 minutes ,6 days a week except Sundays,Gandhinagar , Mumbai Central 
R012,Himachal - New Delhi,412,6 hours 10 minutes,6 days a week except Thursdays,Himachal , New Delhi 
R013, Visakhapatnam - Secunderabad,500,8 hrs 30 minutes,once a week (every Sunday),  Visakhapatnam , Secunderabad 
R014,SainagarShirdi - Mumbai,248, 5 hours 20 minutes,6 days in a week but not on Tuesdays,SainagarShirdi, Mumbai 
R015, Solapur - Mumbai,400,6 hours and 35 minutes,6 days in a week but not on Wednesdays,Solapur , Mumbai 
R016,Delhi-Bhopal,700,7 hours and 45 minutes,6 days in a week but not on Saturdays, Delhi, Bhopal 
R017, Ajmer-Lonavala,1062,10 hours 45 minutes,once a week (every Saturday),Ajmer, Lonavala 
R018,Bengaluru-Dharwad,432, 5 hours,"Monday,Wednesday and Saturday", Bengaluru,Dharwad
R019, Indore-Bhopal,246,3 hours,Every day,  Indore , Bhopal 
R020,Goa-Mumbai,588, 6 hours,Every day, Goa, Mumbai
