station_id,name
S1, Mumbai Central
S2, Borivali
S3, Vapi
S4, Surat
S5, Vadodara
S6, Ahmedabad
S7, Gandhinagar
S8, New Delhi
S9, Panipat
S10, Karnal
S11, Kurali
S12, Rupnagar
S13, Himachal
S14, Secunderabad
S15, Warangal
S16, Khammam
S17, Samalkat
S18, Visakhapatnam
S19, Mumbai
S20, Dadar
S21, Thane
S22, Talegaon
S23, Kedgaon
S24, Ahmadnagar
S25, Shirdi
S26, Bengaluru
S27, Jhansi
S28, Gwalior
S29, Agra Cantt
S30, Kalyan
S31, Pune
S32, Solapur
S33, Lonavla
S34, Karjat
S35, Ajmer
S36, Tiptur
S37, Haveri
S38, Dharwad
S39, Ujjain
S40, Dewas
S41, Indore
S42, Panvel
S43, Ratnagiri
S44, Goa
S45, Falna
S46, Roha
S47, Chiplun
S48, Belapur
S49, Morinda
S50, Rajpur
S51, Narela
S52, Sonipat
